url,label
https://vutbkmqkvv.org/blog,0
https://efqicsi.site/blog,0
https://bkubbg.info/blog,0
https://ztxhqhxl.org/products,0
https://cjdytteuoks.com,0
https://bgpxtqivvix.net/products,0
https://isrtjsty.info/products,0
https://zkzdmly.org/news,0
https://qgatfpxevavk.com/blog,0
https://zfzevztsf.info/home,0
https://ycjcvunyvm.org/blog,0
https://kvxzvjakx.info/home,0
https://dafhvyo.com/blog,0
https://vaygvl.site/home,0
https://aohrkljzebmt.info/news,0
https://zpevc.info/about,0
https://xquzbhvi.site,0
https://pneurrqzo.org/news,0
https://bufcwbeenno.info/home,0
https://ngvnseb.info/news,0
https://jymsefvq.net/home,0
https://hfdxg.info/home,0
https://qwrgmgslpxn.com/news,0
https://xxatlp.info/home,0
https://qjdajrvu.com/news,0
https://zdcda.com/blog,0
https://oraarw.org/news,0
https://czmegbxjo.com/products,0
https://cklaqr.site/about,0
https://fnoifshnjgl.info/news,0
https://djrzmtne.info/home,0
https://mfjvz.org/home,0
https://nqwpbsg.org/news,0
https://zxiyfeof.site/products,0
https://kfunhn.site,0
https://aaflze.com/blog,0
https://hsdtcuoq.com/products,0
https://rspvcrovfi.com,0
https://ayvab.site/news,0
https://frsecdgghb.net,0
https://qjmkxin.com/products,0
https://vdyeldancqed.com,0
https://xnaimay.info/about,0
https://qushsjrkfgkr.net/about,0
https://bckiqprolhv.info/products,0
https://boqzxkfgg.info/blog,0
https://bywmezapemvc.info/news,0
https://wttzjt.info/products,0
https://felefcacu.org,0
https://ezanm.info/about,0
https://kfvznw.site,0
https://nlqbmv.com/products,0
https://oflxtkoloqkm.site/blog,0
https://jloorrvnlt.net/news,0
https://yimqrnvj.net/home,0
https://stgcdtcr.info/home,0
https://gavdmruiubo.com/home,0
https://kgezbmzvfg.info/news,0
https://thflsak.org/blog,0
https://vwoplmbjvuv.org/products,0
https://bjnnefbq.com/news,0
https://lsywdcmgwirp.info/news,0
https://dbjohgfraby.site/blog,0
https://msfro.net/blog,0
https://clbidvzhigpn.com/home,0
https://rgfja.org/news,0
https://byyop.org/news,0
https://vrjql.org/news,0
https://htichrdih.site/news,0
https://dkcpopsfqh.net/about,0
https://dbayyhptgbf.info/about,0
https://wsvkjyj.net/products,0
https://zaiamombeehj.site/news,0
https://jzxmjr.com/blog,0
https://grkhfgykal.org/blog,0
https://cnlhcwm.site,0
https://mwgajenrua.info/home,0
https://pnihyanfso.org/about,0
https://dcnnh.site,0
https://exbsyfqndp.com/blog,0
https://gqauihc.org/about,0
https://cmybvkj.site,0
https://wjdjj.site/blog,0
https://oiildzvx.site/home,0
https://shmxcrsbrxbu.info/products,0
https://lvxvmj.net/blog,0
https://viaunycpakh.net/news,0
https://sfbfiwam.net,0
https://asknhcqdezw.org/about,0
https://ungcxpcmbxch.site/blog,0
https://mrxwsedmae.org/products,0
https://wudrvizpoczu.net/news,0
https://fmymdjsaxoxp.site/blog,0
https://rixfggpungeu.org/news,0
https://ccdave.info/home,0
https://ighahlqznomw.org/blog,0
https://dpjquc.site/home,0
https://vcrvb.org/news,0
https://fbufvapr.com,0
https://dqolh.info/products,0
https://evhwt.info/about,0
https://gleefnfcuyid.net/about,0
https://hyhesysxxyn.info/blog,0
https://erxorxk.com,0
https://xamicgne.org/about,0
https://xdkzzsfqxi.com/home,0
https://sxtlpcxdakqw.org/about,0
https://rkythqkvx.com,0
https://galtaqdxk.site/products,0
https://rwisngtjw.net/about,0
https://werrwvz.info,0
https://nejhywmedfwh.org/news,0
https://wftgzoocr.info/about,0
https://lpfhrux.site/products,0
https://prhwty.org/about,0
https://sayum.com/home,0
https://oluteq.org/home,0
https://kfvvyswgfqt.info/products,0
https://sxjrgbk.com/about,0
https://ppbdzyqdi.site/about,0
https://olkplabf.net/news,0
https://lkcvgl.com/news,0
https://qlnxv.org,0
https://qvjbgcgnxwo.org/blog,0
https://drins.site/about,0
https://xfvqkuijbh.info,0
https://vwusdaxssce.site/home,0
https://xbstjiqrrbtd.net/news,0
https://onenhdira.info,0
https://gptaadny.org/products,0
https://nsuit.net/products,0
https://yfiwi.org/home,0
https://jjgywqygdkho.org/products,0
https://orzmkxi.net/home,0
https://jngczxuyuq.org/home,0
https://zoiggvn.net/about,0
https://hmifwcghms.org/products,0
https://boudntezp.org/home,0
https://qpmxsdtw.info,0
https://tglnj.com/home,0
https://oobdim.info,0
https://jyonfhdalw.site/about,0
https://ajoncjyqrba.org/home,0
https://dqtohoxv.net/products,0
https://omfdm.site/products,0
https://yyzrpxgdksqe.com/home,0
https://ofmskwlkmf.info,0
https://yiapwn.site/home,0
https://upzvugcdg.net,0
https://aiemwmeoy.org/home,0
https://ntoybi.com/products,0
https://kakng.info/about,0
https://bedbwgvo.net/news,0
https://snokinznz.net/news,0
https://bqdfirg.com/about,0
https://ekekwjts.org,0
https://cekztn.net/about,0
https://bztavx.info/news,0
https://tbbga.com/about,0
https://vrsqzbz.info/about,0
https://lxzxtruk.com/about,0
https://dzherrn.info/home,0
https://sccukpnshhy.net/about,0
https://chmmhpd.net/blog,0
https://rgepk.org,0
https://xvviahrrjv.com/about,0
https://tjxwpmev.org/products,0
https://vbgleonmk.site/about,0
https://qfudbryx.net/home,0
https://xonqdsvx.site,0
https://olzwhs.com/home,0
https://shnmra.net/blog,0
https://ymbjxvnl.net/about,0
https://tqmzxbzohgcu.org/products,0
https://uukhbkt.info/blog,0
https://gyxqcavmr.info/news,0
https://wvamy.org,0
https://hnizfq.org/products,0
https://mytjnv.org/blog,0
https://mynyk.net/products,0
https://hbbltwlqjh.net/home,0
https://pkymjmhohjy.net,0
https://kipjk.org,0
https://ltkkt.com/news,0
https://eurjg.com/news,0
https://lptgcuy.org/blog,0
https://npconjhrt.site/blog,0
https://yndbfhcrpp.com/products,0
https://zxiveyinub.com/products,0
https://tiqavetztj.site/news,0
https://hzqcvyyji.site/about,0
https://otnainnk.info/news,0
https://iqvig.info/products,0
https://juxzwgh.info/blog,0
https://sanjsbnkxpey.info/blog,0
https://oehiitzarefq.site/products,0
https://nyzgxjrh.net/blog,0
https://bbmoqcacqy.net/home,0
https://gjxkmqdczbwu.net,0
https://elghm.com/products,0
https://eztlckqikun.net/about,0
https://ooxrwdansqh.site/news,0
https://jscaryttr.site/about,0
https://oqblnb.net/home,0
https://hbymwnh.com/home,0
https://hnqtswxr.site/about,0
https://qexlkpfsi.site/news,0
https://osxmomoib.org/products,0
https://yriihlrqa.site/news,0
https://vkuzguulqj.net/products,0
https://jehcdifc.site/blog,0
https://uacserhg.org/news,0
https://oelzmdpdado.info,0
https://pfcexslkrrf.org,0
https://kohmxwpzyzv.org/blog,0
https://uzehqyh.info/news,0
https://uxvowyhe.com/about,0
https://yzajoqgehchx.net/blog,0
https://kovwdzwor.site,0
https://cxtsuloaw.site/blog,0
https://gbtsmzir.info/news,0
https://mwyab.com/about,0
https://ehctkht.net/news,0
https://rdkes.org,0
https://nvyvjjmdsayz.info,0
https://heewjfz.info/products,0
https://xpxilhyenws.net/about,0
https://gxkxvfodry.info/blog,0
https://ykrvxdlvpt.org/products,0
https://ljtnmme.site,0
https://beahtpzh.info/products,0
https://fubph.site/home,0
https://tflvyasjmjso.org,0
https://rkgmqcefosnj.net/home,0
https://liptdy.info/home,0
https://vcefluzbpbh.net/products,0
https://fdcqbhjaguu.org/home,0
https://ukbjshfv.net/products,0
https://jkftwxdxxx.net/blog,0
https://bjcqzboqbil.net/about,0
https://cxmupov.org,0
https://vlwentiybdh.net/about,0
https://amssdutvu.site/blog,0
https://dqionqbfdauq.net/home,0
https://xynkk.site,0
https://anrxfdyk.site,0
https://nitzey.site/home,0
https://pjguwmqfufhn.net/news,0
https://ttrnjrztno.com/news,0
https://bdbqboxrnnpo.org/products,0
https://zeekj.com/blog,0
https://upufnwf.org/blog,0
https://atfjhftpg.info/blog,0
https://rguelwtwlla.net/blog,0
https://ttjodbtmwy.org/home,0
https://bdkzbvgf.info,0
https://bzjpq.org/blog,0
https://puhejwvqme.info,0
https://wsiulzvkqtrs.com/home,0
https://zlxjct.org/blog,0
https://bldkwneuqdjw.info/home,0
https://raiflz.info/about,0
https://pegwsa.site/products,0
https://xvxrweajekab.info,0
https://dqoea.net/products,0
https://wpspejyizf.com/about,0
https://aogxle.net/about,0
https://cubvzsdzzd.com,0
https://spjqztumalm.org/blog,0
https://tgtgztzvlbi.site/news,0
https://leohrxjgeg.org/about,0
https://tynctrab.info/products,0
https://jsbqqckmzpn.info/products,0
https://liutbeex.info/news,0
https://xzzedgqhqy.com/news,0
https://qgtkmfjxsen.site/products,0
https://alcykcqixati.info/blog,0
https://zklhjcbtwkz.info/home,0
https://snjnm.org,0
https://acaygkxap.org/home,0
https://vnkvshbv.net/home,0
https://demhheewy.org,0
https://pynebma.info/about,0
https://crbdbzzcvqa.net/news,0
https://mvggpvowht.site/products,0
https://wutoordfad.net/about,0
https://ngueiy.info/products,0
https://lwwurvurs.com/products,0
https://hhpnpvpl.com/about,0
https://odrygji.com/blog,0
https://hdcpqkym.org/blog,0
https://wovjeeilqkf.net/products,0
https://sdjpbiuemzy.net,0
https://jxubwkayjehu.info,0
https://qxuyqryiurg.site/about,0
https://fkoxesxkxw.info/news,0
https://cqctakjnkgu.com/home,0
https://exivieklt.info/blog,0
https://dksjxuhznke.com/blog,0
https://ocladyjn.net,0
https://azadyfivalq.net/blog,0
https://imfpyoa.org/blog,0
https://haclvqa.info/products,0
https://vogvqghnp.info,0
https://bpqtwj.info/about,0
https://vrdsit.org/blog,0
https://wcvaslquf.org/blog,0
https://fecxhpwvs.org/home,0
https://gmhdq.net/blog,0
https://pyhgbekv.info,0
https://viojt.com/about,0
https://rdrhyo.net/home,0
https://vwngtmahap.site,0
https://satismncy.net/news,0
https://sciqbs.info/products,0
https://ibyvpzla.org,0
https://bfafbt.info/home,0
https://rkvitjn.com/products,0
https://izvtbvd.site/home,0
https://pckoxriki.site/blog,0
https://avdbwmavb.info/home,0
https://ipwjdcekvx.site,0
https://ywzvq.org/home,0
https://fcmnweabhsff.com/blog,0
https://qafnptrlkn.site/news,0
https://ocqxlinkdt.site/news,0
https://ftulqt.com/news,0
https://rahlmkcmn.info/news,0
https://ytqqnmnlnixr.net/products,0
https://ymyenwjkvy.net,0
https://zekzifjyrw.info/about,0
https://mrylujizwzjf.org/products,0
https://trevwf.com,0
https://zkyomgdeh.info/about,0
https://qzmylulga.net/blog,0
https://lezjhwuab.net/home,0
https://lxsnvlzihj.org/blog,0
https://dwextzxso.site/products,0
https://fqzvza.net/about,0
https://wvkrutxyo.com/blog,0
https://xzxjoqfzr.com/home,0
https://mixebcemcp.info/news,0
https://bjuzouliq.org,0
https://legzj.info/about,0
https://oayemgfwu.com/blog,0
https://zdortwznqwq.net/about,0
https://vzriamqfcnkv.site/about,0
https://retnn.info/products,0
https://fdzjlt.org/news,0
https://ajjhqhrvrif.net/blog,0
https://sjzajve.net/products,0
https://arcojmsqyyyk.net/blog,0
https://sizrfoia.site/blog,0
https://efinyvx.org/products,0
https://dqjamqi.com/products,0
https://skrzxnvsipw.com/blog,0
https://chitrdaiuz.info/products,0
https://mozkaolmhzkw.info/products,0
https://tkpgo.net/home,0
https://wpgpfd.com/about,0
https://pszibhpjomf.info/home,0
https://riymsu.site/home,0
https://qxrlbbsvnmy.info/about,0
https://betwd.site/home,0
https://hzlxng.site/news,0
https://kgpbglcfqt.net/products,0
https://vonkxafeoyh.info,0
https://cwdenmafpb.site/news,0
https://ktmxmujbu.com/home,0
https://cfbasp.org/about,0
https://ihtbotra.net/about,0
https://zbnguu.net/blog,0
https://gxgdxs.site/blog,0
https://oabtnn.info/about,0
https://ywkhk.com/about,0
https://cgxgxpfn.net/home,0
https://uxdsiqlf.net/home,0
https://uhtkjqjixr.org/blog,0
https://dphqtvro.site/home,0
https://gdqqynhus.site/blog,0
https://eletgacjfpv.info/news,0
https://srrdi.site/products,0
https://yugirvlii.com/news,0
https://hzeamza.net/home,0
https://lbbdyyjndm.com/about,0
https://bbohwqzl.info/about,0
https://semga.org/home,0
https://tiqafl.org/news,0
https://kmpeqgydaul.info/blog,0
https://ejnbcglsf.net/products,0
https://tbmweychyiy.info/home,0
https://brehjsgo.com/news,0
https://sselvmcdz.info/home,0
https://nfdralyijjzh.com/products,0
https://ywwrcjkmwi.com/products,0
https://vczgwa.site/home,0
https://ggcots.site/blog,0
https://gitkjufu.org/news,0
https://ldmlqquzeyar.site,0
https://ltixop.org/about,0
https://lsbepwpzeua.org/news,0
https://vvuzzaadvys.com,0
https://iwesuvrijha.info/about,0
https://ifwxfkil.site/about,0
https://xusjdd.info/about,0
https://phatcejyzhml.info/news,0
https://nxaxftxvlda.org/home,0
https://enzybcbxxpu.net/blog,0
https://gclwelp.net/news,0
https://dhyrn.com,0
https://uvpvvuqxwio.site/blog,0
https://cypuc.info/news,0
https://ggpignrmb.site/news,0
https://axriu.site/products,0
https://xhwhdooro.org/blog,0
https://uvhlxbec.com/home,0
https://gnfvgdbher.org/about,0
https://xcbuzwztgxru.info/news,0
https://mikniuygkeh.info/news,0
https://eqjdhjf.site,0
https://reifzp.info,0
https://uoffv.info,0
https://tbxakqeaatcv.net,0
https://rpsjz.info,0
https://ivnnxyqpjog.site/news,0
https://afvfizxexa.info/home,0
https://cvomkdzcbrn.com/home,0
https://wdqotjfamh.com/products,0
https://vdvkwb.org,0
https://zccdrzt.net/home,0
https://xvfpteodds.site/products,0
https://uxcqzlt.info/home,0
https://owhin.org/products,0
https://fopbppzhfmcl.org,0
https://mranlbjtw.info,0
https://zdawlin.com/home,0
https://btxyl.net,0
https://ngckr.net/about,0
https://zltodfb.org/about,0
https://tlmyvrch.info/blog,0
https://hwjir.com,0
https://uyfimwpq.net/news,0
https://xldozk.net/about,0
https://pebctjs.org/news,0
https://xymjnsm.org/about,0
https://odktzbnais.info/about,0
https://oszutdfzb.net/about,0
https://jtqjlyqjjgii.net/about,0
https://kusfahxy.info/home,0
https://yzivsbd.com/about,0
https://lsbjfrovntk.org/blog,0
https://wlyiqnbby.com/news,0
https://mjpapdirv.org/news,0
https://blszimqn.com/home,0
https://cdkitcq.info/news,0
https://dvwxtlbyivkp.info/blog,0
https://kvjmdxoqiyaw.info,0
https://eqjjznkcg.net/home,0
https://igcfbolnhzi.site/blog,0
https://ubsqj.org/news,0
https://kzelii.org,0
https://xhhakspown.site/news,0
https://ssbkbee.site/products,0
https://cgdztpel.site/blog,0
https://cxqhbrktzt.org/blog,0
https://bdzsqa.net/blog,0
https://eixqs.org/home,0
https://expxz.site/products,0
https://fjnnuyct.info/news,0
https://xqgpfjhcnejh.info/home,0
https://qgkrezgfa.org,0
https://nstcjgw.net/blog,0
https://rpbyelei.org/about,0
https://fazppx.org,0
https://ukutyjrke.site/products,0
https://bblbmwjmlerb.info/news,0
https://toanvxook.info,0
https://mhplhezf.info/products,0
https://mpusu.com/about,0
https://twoaj.info/news,0
https://bkmpksacdryv.site/blog,0
https://fgjcnjpy.site/blog,0
https://akerdqcv.net/about,0
https://iaiojirxa.info/news,0
https://uiamzvedmxqt.info,0
https://agtecpkb.info/news,0
https://czbhurt.net/products,0
https://leuxwun.org/news,0
https://rgvespva.com,0
https://amucm.info/about,0
https://qudkvn.site/news,0
https://ospdzmg.site,0
https://wzqzthg.net/products,0
https://kzgmpncf.com/products,0
https://ryjffo.site/blog,0
https://gzqnqtjad.info/home,0
https://uxcha.net/about,0
https://thdmkhxdvbej.info,0
https://otpkd.info,0
https://bkrvhftjxra.site/home,0
https://rrrlm.com/home,0
https://kyqsohrsfqp.org/home,0
https://ayvcdrgjo.com/blog,0
https://mfugoat.site,0
https://xcczd.com/news,0
https://xxytjjt.com/products,0
https://udxsg.org/about,0
https://oeihupsyikim.net/news,0
https://uqctsnqx.net/about,0
https://jqrdjjjzdbye.site/blog,0
https://mlyuug.org/home,0
https://ntlkjbwoz.org/blog,0
https://cpnnylwvbvv.info/home,0
https://kjtpmqzmm.info/news,0
https://quiifb.site/home,0
https://wgzlzb.net/news,0
https://gpklh.org/blog,0
https://bybhkwou.org/products,0
https://qrfxfnmubo.org/news,0
https://vhomhyoqs.info/news,0
https://tmbamoqokz.info/about,0
https://jztevzyh.info/products,0
https://fizddfdz.com/about,0
https://jsysykbsz.org/news,0
https://mltkt.net/home,0
https://zxqhjlhgvrzg.net/news,0
https://rgevfknrrx.org/products,0
https://qfmpjaemueov.org/home,0
https://jgsimq.site/blog,0
https://vdzvla.info/products,0
https://alpjppxik.info/products,0
https://uifwmoi.info,0
https://kpbgfvow.org/about,0
https://gdojc.info/home,0
https://gkyuxvtmzni.com,0
https://lbmmtuxf.net/home,0
https://rsbba.net,0
https://jdzlcpczme.net/products,0
https://eutytaltixlr.com/about,0
https://szzvpca.org,0
https://uoormimfrviv.org/news,0
https://ddehmkinau.org/home,0
https://wvabvemxwdr.info/blog,0
https://hljzlr.com/news,0
https://bfjjasxxg.org/home,0
https://fkwlnomxypa.info,0
https://xaond.com,0
https://qkqfhrwzw.net/blog,0
https://sgjhpzbya.net/about,0
https://bzzjrvoqr.net/home,0
https://dadyk.com,0
https://adqrq.org/news,0
https://dylawxmj.org/blog,0
https://ckkqyzpskmvn.com/products,0
https://yhbbsxjagz.info/news,0
https://gdvqi.com/blog,0
https://sjxslewcmbbt.org/about,0
https://fayybnxyix.info/about,0
https://jowhk.com,0
https://xzssceduqdf.info,0
https://blenpz.site/products,0
https://wochcim.net/products,0
https://lxepgtjkurea.info/news,0
https://bynzw.org/blog,0
https://dqhngjgqscno.org/about,0
https://erpfcclnfc.info/blog,0
https://cluerayd.org/products,0
https://vvfajyv.org/news,0
https://vmyvoyert.org/news,0
https://pcgbupx.net/blog,0
https://knxiizyqi.com/home,0
https://ofyaeiuaz.com/products,0
https://unukzc.info/products,0
https://bepyunybdrwz.info/about,0
https://krchycuwgy.com/news,0
https://hbpwtmp.info/home,0
https://flenb.org/blog,0
https://qtsihxta.site/products,0
https://ftjneo.net/blog,0
https://fiamyseh.info/blog,0
https://ptskirluh.org/blog,0
https://jobzu.org/news,0
https://nvinzjnxu.org,0
https://hhsymenhyp.info/news,0
https://itvivqhimjf.net/home,0
https://dthrmnpijjm.info/about,0
https://vdkmdirxixdr.site/blog,0
https://wstceqcomrwu.org/blog,0
https://okxeq.net/blog,0
https://umbilflfegxq.info/products,0
https://erftsokq.info/home,0
https://feuuu.net,0
https://xphxhcys.com/products,0
https://yukqllha.info/news,0
https://mqxhbg.net/news,0
https://gpxksq.site/about,0
https://rhujvlqi.com/news,0
https://zxxqfgq.info/about,0
https://cqzdljxhnht.info/news,0
https://snpslwp.info/news,0
http://verify-pay-gcbeq.net/secure,1
http://verify-pay-gmyyqchtcm.com/verify,1
http://login-verify-nnyewfk.net/verify,1
http://secure-update-netpq.net/verify,1
http://login-verify-xwfbfolnuwru.site/verify,1
http://wallet-auth-auydzv.com/update,1
http://secure-update-yctukatchabe.net/login,1
http://verify-pay-yyrovi.org/login,1
http://secure-update-ovhact.com/login,1
http://account-check-lxfra.com/verify,1
http://login-verify-gmgmrlzadgzi.net,1
http://verify-pay-nssrq.com/secure,1
http://login-verify-mjehcoa.org,1
http://verify-pay-ebnbqbm.org/verify,1
http://login-verify-wrhzusbcufwm.org/secure,1
http://account-check-efcrmr.com/secure,1
http://login-verify-zqevxxdkmy.net/login,1
http://login-verify-sandl.site,1
http://login-verify-ytmwqnnff.org/update,1
http://login-verify-lwcnhqj.com/secure,1
http://account-check-yxobfdeawotn.info,1
http://wallet-auth-kmxwreyg.org/update,1
http://secure-update-leycgmclhsk.com/secure,1
http://account-check-sorlchovirtt.info/login,1
http://account-check-ejhxyvehtn.net/login,1
http://wallet-auth-uzvybma.org/login,1
http://login-verify-wuossq.net/secure,1
http://account-check-yfiqkcfn.net/update,1
http://secure-update-xxkkhnhta.info/verify,1
http://wallet-auth-cavbrbboq.info/verify,1
http://verify-pay-xldubwdzs.com/verify,1
http://secure-update-lolghrsskkl.info/login,1
http://login-verify-wbhtkfhyx.org/secure,1
http://login-verify-jjcdck.org,1
http://login-verify-fcpgvo.com,1
http://login-verify-qgptw.info/update,1
http://login-verify-hbdpfl.com,1
http://login-verify-gzrnjydppl.org/login,1
http://login-verify-wocgnog.com/login,1
http://secure-update-lpwrca.net/verify,1
http://login-verify-fxolxxj.org,1
http://login-verify-vdbecnbcoic.net/login,1
http://secure-update-mourii.site/update,1
http://account-check-uixylbg.info/verify,1
http://secure-update-yhpbvv.org/secure,1
http://secure-update-kklwhkgtm.site/verify,1
http://secure-update-ldrwxolmxat.com/update,1
http://login-verify-azzzl.site/verify,1
http://secure-update-haoilixtmt.org/update,1
http://wallet-auth-memabx.info/login,1
http://account-check-yzmempbyi.site/verify,1
http://account-check-bamtbkhhfldn.info/update,1
http://wallet-auth-zmvytlbca.org/update,1
http://secure-update-asksj.com,1
http://login-verify-resmeywewqc.net/update,1
http://secure-update-chrlcvses.org/verify,1
http://account-check-vmbphdrfh.site/secure,1
http://secure-update-cmareboserr.org,1
http://verify-pay-ayqkoaynpqt.com/verify,1
http://secure-update-mhuwascxexk.info/secure,1
http://secure-update-iqfghfl.info/update,1
http://verify-pay-xdepriu.com/login,1
http://login-verify-sulwkn.info,1
http://secure-update-uspsdl.com/verify,1
http://verify-pay-rkztqnwlea.info/secure,1
http://secure-update-vrfaliuaisoi.net,1
http://verify-pay-zeynoo.site,1
http://account-check-nlogzkeqy.com/login,1
http://wallet-auth-uuechfhmsw.info/update,1
http://login-verify-rfwscpa.net/secure,1
http://wallet-auth-glimekb.net/login,1
http://secure-update-fdnwkk.com/secure,1
http://account-check-kyupjmerl.org/update,1
http://wallet-auth-plgbzsnco.org,1
http://verify-pay-avlafxtikprp.org/login,1
http://verify-pay-qwvupvuhkhk.org/verify,1
http://login-verify-avjxyhoz.net/secure,1
http://login-verify-iumtedtxggb.info/secure,1
http://verify-pay-khlgtoz.info,1
http://secure-update-pudulhq.com/update,1
http://verify-pay-ayqhtawvmu.site/login,1
http://verify-pay-hbkspoh.info/verify,1
http://secure-update-rdpnmplggfwl.com,1
http://wallet-auth-zulrkknppx.net/update,1
http://verify-pay-wxeekozuqutw.info/verify,1
http://account-check-jmyypi.info/secure,1
http://wallet-auth-cariqexxe.net/secure,1
http://account-check-ennumokdoq.info/secure,1
http://login-verify-lxgslw.org/verify,1
http://wallet-auth-adzkkg.info/login,1
http://secure-update-vpevattfsovf.info,1
http://verify-pay-qdyrfzfvrua.site,1
http://verify-pay-jwlwqjn.com/verify,1
http://login-verify-gjzrg.com,1
http://secure-update-zmnve.net,1
http://secure-update-npeoasfstegf.net/secure,1
http://secure-update-vtqgtllsuiy.site/update,1
http://wallet-auth-bhbxhbdifa.net/update,1
http://login-verify-neyimtv.net/login,1
http://secure-update-cjdae.site/verify,1
http://wallet-auth-sgjhdudjcta.org/update,1
http://wallet-auth-aqhbeyu.com/update,1
http://login-verify-sfnlpjpkd.info/update,1
http://secure-update-gddoog.com/secure,1
http://wallet-auth-nattbx.info/update,1
http://secure-update-gubkqml.net/update,1
http://login-verify-slifhses.com/secure,1
http://verify-pay-pvihrehhg.net,1
http://wallet-auth-zcxfh.site/update,1
http://login-verify-lepnbsfdief.info/update,1
http://account-check-npisf.info,1
http://account-check-hlscfervkua.com/login,1
http://login-verify-mdoduypn.org/update,1
http://secure-update-ihbgzkpsg.site/update,1
http://account-check-zfuvubtkfqj.info/update,1
http://verify-pay-kjxakyy.site/secure,1
http://secure-update-dvowskkoml.info/update,1
http://account-check-vnpajxu.net/verify,1
http://verify-pay-oeonoroayu.com/verify,1
http://wallet-auth-yxrrsgrkoiu.net/login,1
http://account-check-spbthcowvthl.site/update,1
http://login-verify-sousjjnhzxws.com/secure,1
http://verify-pay-rxvanyfjur.net/verify,1
http://wallet-auth-hapiuseh.com,1
http://account-check-xtxloripghli.org/update,1
http://wallet-auth-mvrsml.com/secure,1
http://wallet-auth-iqpuemzeuni.net/secure,1
http://secure-update-cyxofbcswyx.info/secure,1
http://verify-pay-misqqloeird.org,1
http://secure-update-iqgsmjcd.org/update,1
http://account-check-erttg.org/verify,1
http://login-verify-xxaladwy.com/update,1
http://secure-update-sssag.com/login,1
http://account-check-akgvdxjpvx.org/login,1
http://login-verify-npxeqrdqdxzm.info/verify,1
http://wallet-auth-ldhzofbkv.com,1
http://verify-pay-yalrvxrp.net/verify,1
http://login-verify-oiubexxnqahj.net/update,1
http://verify-pay-zmernbe.net/login,1
http://verify-pay-frhukan.info/verify,1
http://wallet-auth-movtmbjbtsx.net/update,1
http://secure-update-hhctlr.site/update,1
http://wallet-auth-uxxjkvtrhlo.org/login,1
http://verify-pay-bfpwx.org/update,1
http://verify-pay-sjrvhp.info/update,1
http://wallet-auth-mlljjlhufcc.com/verify,1
http://verify-pay-fhqdsux.info/verify,1
http://verify-pay-atuhc.info/verify,1
http://account-check-drlbdmtbs.net/secure,1
http://secure-update-lfldqtqi.site/update,1
http://secure-update-ubtjrd.net/secure,1
http://wallet-auth-kezwx.site,1
http://wallet-auth-knzqp.site/secure,1
http://verify-pay-gqkuhx.com/verify,1
http://verify-pay-rzwyakurvc.site,1
http://account-check-wsyekdv.site/verify,1
http://verify-pay-gabwezpa.site/verify,1
http://login-verify-dkozhzinaed.com/update,1
http://wallet-auth-fmtnxwffp.net/verify,1
http://login-verify-qlehxwy.info/update,1
http://login-verify-uwqavlbraqfv.org/secure,1
http://account-check-qpwfcrmkjfrz.net,1
http://account-check-grxvpj.net/update,1
http://secure-update-llxnxmtnme.com/secure,1
http://login-verify-sdjqwsv.net/update,1
http://secure-update-mbidpydyid.org/secure,1
http://verify-pay-igtkgisgifai.com,1
http://login-verify-wmxtf.org/verify,1
http://login-verify-qqlaotx.site/login,1
http://account-check-yuqhk.info/secure,1
http://secure-update-hqoio.site/login,1
http://login-verify-khbuub.org/secure,1
http://login-verify-evkrbhkbzit.com/update,1
http://login-verify-wlxyw.com/verify,1
http://login-verify-gmxolw.org/verify,1
http://verify-pay-mbeadzghj.com/update,1
http://wallet-auth-bvptiubvrr.com/secure,1
http://verify-pay-otnvollkyv.site/update,1
http://secure-update-nvwtyv.net/login,1
http://login-verify-yaymwtayol.info/secure,1
http://account-check-rlhhn.com,1
http://account-check-ayjqtab.info/login,1
http://wallet-auth-vfiiwtjcwqp.org/update,1
http://login-verify-cfeltwgvyvtu.org/secure,1
http://verify-pay-ttwait.com/secure,1
http://login-verify-cfjmkhi.net/update,1
http://login-verify-wepbeqsl.com/login,1
http://secure-update-yvvbbqmixj.info,1
http://login-verify-snuuymtd.site/login,1
http://wallet-auth-ivfvyzkjhhua.info/login,1
http://login-verify-fzzaje.site/secure,1
http://account-check-nkterm.org/verify,1
http://login-verify-xbkcs.site/secure,1
http://login-verify-jdbmnbzoyyw.org/secure,1
http://secure-update-hyqpod.info,1
http://verify-pay-mnopeeoiyxg.com/update,1
http://login-verify-xgkln.org/login,1
http://login-verify-nazvig.net/verify,1
http://login-verify-chryfvpyug.org/login,1
http://secure-update-qtdkifvx.net/secure,1
http://verify-pay-bekcj.info/login,1
http://account-check-klgtifshfrv.com/login,1
http://secure-update-cyxmumpgo.info/login,1
http://login-verify-toaulndqhhg.site/login,1
http://wallet-auth-xedmyrvm.net,1
http://account-check-myeos.com/verify,1
http://wallet-auth-wnjqloyw.org/secure,1
http://login-verify-lknkcwt.com,1
http://verify-pay-dykfo.org/verify,1
http://verify-pay-uiegah.site/verify,1
http://verify-pay-ozhgdakarxn.com,1
http://account-check-aarglzk.info/secure,1
http://login-verify-gufhioouytip.com/update,1
http://login-verify-xihke.info/secure,1
http://wallet-auth-dwxsestagwq.org/update,1
http://secure-update-zpbcbinxugw.org/login,1
http://login-verify-basti.site/secure,1
http://account-check-eiadip.info/login,1
http://account-check-majfpimmnqe.org/secure,1
http://login-verify-cwwir.net/login,1
http://wallet-auth-kpnixxcgs.net,1
http://wallet-auth-fpuredw.com/verify,1
http://verify-pay-ikeuv.org/update,1
http://verify-pay-buidsdggmk.org,1
http://wallet-auth-txidyoil.site/secure,1
http://account-check-bdaog.net/login,1
http://login-verify-tsmavnr.com/update,1
http://wallet-auth-qwaauvsfp.net/update,1
http://account-check-agsii.net/update,1
http://account-check-sdmggjbf.info/verify,1
http://verify-pay-fiavtzbaeqjf.site/secure,1
http://secure-update-wgobwel.com/update,1
http://verify-pay-mukifmomjt.org/update,1
http://login-verify-nlwnre.org,1
http://login-verify-zxzbzc.info/login,1
http://wallet-auth-ievgrwxyyj.org/verify,1
http://account-check-jyafkfhyvhg.net/login,1
http://verify-pay-tvivuf.info/verify,1
http://verify-pay-bmjyuhqkhuwg.net,1
http://login-verify-gpwqd.site/verify,1
http://login-verify-hjgymcf.org/update,1
http://login-verify-xhafzvpily.site,1
http://wallet-auth-klzrjqtxqa.com/verify,1
http://account-check-vcwnxp.org,1
http://secure-update-xxzkiufdmu.com/update,1
http://secure-update-kcykbdpbyuqo.com/verify,1
http://verify-pay-ippsvgqd.info/verify,1
http://account-check-etorrc.site/update,1
http://login-verify-qzuda.info/verify,1
http://verify-pay-feghlqlfk.site,1
http://wallet-auth-ywgeohro.net/update,1
http://account-check-ovigxgpijodl.net/secure,1
http://verify-pay-ordtm.com/secure,1
http://login-verify-vqjfveckrbtv.com/login,1
http://wallet-auth-vsqpht.site,1
http://secure-update-qrfyuz.info/verify,1
http://wallet-auth-gdohc.site/login,1
http://login-verify-vzongmcymki.net,1
http://wallet-auth-lkidpz.info/login,1
http://login-verify-mylrxzquezun.org,1
http://wallet-auth-skzaotnqw.info/update,1
http://verify-pay-mrabhcw.org/update,1
http://account-check-kihjkrkpqn.com,1
http://login-verify-xgfipk.org/secure,1
http://verify-pay-uwwmjumn.org/login,1
http://verify-pay-aoxjn.info,1
http://wallet-auth-rahvlatejdm.info,1
http://account-check-xmtopurvetg.org,1
http://wallet-auth-bxysob.com,1
http://secure-update-wnvjmdtlpho.org/login,1
http://account-check-acswwgea.site/secure,1
http://wallet-auth-afhjchqx.org/verify,1
http://wallet-auth-pljpqd.net/secure,1
http://secure-update-xbbhn.org/update,1
http://secure-update-oichrjnskaqn.com/update,1
http://secure-update-ksqevhjbay.com/verify,1
http://secure-update-rkgweitff.org/secure,1
http://verify-pay-oxfoiatsnb.site/verify,1
http://account-check-oesrqgbt.org,1
http://verify-pay-vzixxial.site/verify,1
http://verify-pay-yeqkvdvg.info/update,1
http://login-verify-nxcdydxyruw.site/verify,1
http://login-verify-gtckdgb.org,1
http://account-check-jkcrkvnw.net/update,1
http://verify-pay-bmlpnb.net/secure,1
http://secure-update-vsuteewmfas.com/verify,1
http://wallet-auth-wmhsvpein.site/update,1
http://login-verify-olaoytcfu.site/verify,1
http://verify-pay-txvhpnpvvw.org,1
http://verify-pay-bcfatnx.com,1
http://verify-pay-sywdcg.net/verify,1
http://secure-update-drcyoymfrq.net/login,1
http://verify-pay-svulcrdgskw.site/verify,1
http://account-check-dlilyzksn.net/verify,1
http://account-check-iwoygrcipqq.site/update,1
http://secure-update-uwawkidhrq.info/update,1
http://login-verify-bcvswwmhv.com/verify,1
http://account-check-sszobsoe.info/update,1
http://account-check-bjpobsxh.net/update,1
http://secure-update-ffeluyeuww.info/update,1
http://verify-pay-srbyq.info/login,1
http://login-verify-pbvepey.com/secure,1
http://wallet-auth-cvcmbi.com/secure,1
http://login-verify-nfadevf.info,1
http://secure-update-fsrojjffmgw.org/update,1
http://login-verify-nulplzvz.com/verify,1
http://wallet-auth-blwvszde.site/update,1
http://account-check-assxmnhp.site,1
http://wallet-auth-pbhtc.info/secure,1
http://wallet-auth-wfliljpsm.info/login,1
http://wallet-auth-wqjddz.com/update,1
http://verify-pay-nimojbfc.org/secure,1
http://wallet-auth-hgpnti.com/login,1
http://account-check-ejkeoktgxxui.info/secure,1
http://verify-pay-dfchsokyglw.site/verify,1
http://account-check-izaziw.info/secure,1
http://login-verify-lszcj.info/secure,1
http://wallet-auth-maqlapupn.org/update,1
http://secure-update-cliqomjwdx.com/secure,1
http://wallet-auth-qymnfgkycds.site/secure,1
http://verify-pay-mbzxqfuugwgw.site,1
http://login-verify-iwakl.com/secure,1
http://wallet-auth-lhquwpl.net/update,1
http://account-check-wkpedxrjygg.info/secure,1
http://secure-update-qyiaujhmppfv.net,1
http://verify-pay-rvxxcxczyog.info,1
http://verify-pay-eycuxnzks.org/secure,1
http://account-check-oiqppcr.net/secure,1
http://verify-pay-yyjcstrpqei.com,1
http://wallet-auth-tzzbbpnbvsn.info/verify,1
http://login-verify-tkzykyf.org/update,1
http://login-verify-circck.info/update,1
http://wallet-auth-bhvkbfqmi.site,1
http://secure-update-wiccbbrd.info/login,1
http://login-verify-umoucto.site/login,1
http://secure-update-qyhzg.info/secure,1
http://wallet-auth-ettrvoqfa.info/secure,1
http://secure-update-qjsejkrgg.org,1
http://verify-pay-rbcfzlgo.net/secure,1
http://account-check-osmehadlw.com/update,1
http://secure-update-wfhctfj.org/secure,1
http://verify-pay-tgaixm.site,1
http://login-verify-aoqzpqjzw.org,1
http://login-verify-fpczjjqjyne.site/update,1
http://secure-update-hmtowkuz.net,1
http://account-check-etxhgonmkqgt.info/login,1
http://account-check-cgusyi.net/verify,1
http://login-verify-bembfzvjcwz.net/update,1
http://login-verify-ldrpxpruqwwr.org/secure,1
http://secure-update-ydqswaouzy.info/update,1
http://wallet-auth-jtphon.net/secure,1
http://verify-pay-kgrfwp.net/login,1
http://account-check-sqcjrzsbfnou.com,1
http://login-verify-qwbbrzl.site/login,1
http://secure-update-bcuetcpu.org/update,1
http://secure-update-hudejxxcqu.org/secure,1
http://verify-pay-puyakdpolh.com/update,1
http://verify-pay-lsrqgn.site/login,1
http://account-check-wcwpmcjm.net/login,1
http://verify-pay-lemjbejvosfn.net,1
http://wallet-auth-volwkba.net/login,1
http://verify-pay-piqgwth.site/update,1
http://secure-update-fwvdxb.com,1
http://account-check-mktqpvl.site/secure,1
http://login-verify-sojxtemyen.org/secure,1
http://verify-pay-uqeaauhioop.net/verify,1
http://wallet-auth-znffanpj.info/update,1
http://account-check-mymxdbxryimi.site,1
http://wallet-auth-aauiuk.site/secure,1
http://wallet-auth-lmvlbp.info/update,1
http://login-verify-uzbvxjrwbhc.net/secure,1
http://login-verify-fbswkamcin.site/login,1
http://verify-pay-yxpjjsikjrtt.com/update,1
http://account-check-cmbvj.info/login,1
http://verify-pay-bsbztten.org/login,1
http://account-check-cmfsx.info/login,1
http://account-check-tdntvocw.net/login,1
http://verify-pay-cwjelnwt.net/verify,1
http://verify-pay-evyibdco.site/secure,1
http://login-verify-rqqqemcnobwc.site/secure,1
http://verify-pay-jdacunpz.info/verify,1
http://login-verify-uqtuxwi.com/verify,1
http://secure-update-kkvqdusybmb.site/login,1
http://account-check-pajemruvjym.com/secure,1
http://secure-update-nilxfsbflcbz.site,1
http://wallet-auth-xgidxaxmofuh.site,1
http://login-verify-llpbmsiblec.info/update,1
http://verify-pay-yvxttgqf.org/update,1
http://wallet-auth-txxdicwasd.info/update,1
http://verify-pay-ziftiowqq.com/login,1
http://login-verify-emrnbtfs.site/secure,1
http://secure-update-cqplivrt.info,1
http://secure-update-cpvzkb.site,1
http://login-verify-krlpjfrtctn.site/update,1
http://login-verify-sphyhxzuwikr.site/update,1
http://login-verify-scxopfoaws.com/secure,1
http://account-check-qjzzwwx.info/update,1
http://wallet-auth-zjzpnxqfrq.org/login,1
http://account-check-gjszejwhd.org/secure,1
http://wallet-auth-ikbpnbtztbnb.info/secure,1
http://wallet-auth-kjeetkn.site,1
http://wallet-auth-wfvvqpy.info/secure,1
http://account-check-oiljdvqdmv.info/secure,1
http://verify-pay-wdrfdlxp.org/secure,1
http://secure-update-tybbcg.com/login,1
http://wallet-auth-qepbekpmufgf.net,1
http://account-check-iplsthlh.net/login,1
http://login-verify-fwqvri.info/update,1
http://secure-update-ioaxbmvav.site/secure,1
http://secure-update-basrd.com/secure,1
http://secure-update-zfdjut.org/login,1
http://account-check-xqewpxgg.com/login,1
http://login-verify-ykhlgar.info/update,1
http://verify-pay-xlrve.org,1
http://login-verify-evjhocfbxtg.org,1
http://wallet-auth-dnjxyb.com/update,1
http://verify-pay-dlpbayf.org,1
http://verify-pay-ftstdcgrtsu.org/login,1
http://secure-update-hiduy.com/verify,1
http://login-verify-jlxwrfgawuj.net/secure,1
http://verify-pay-bdikbsq.site,1
http://verify-pay-pbemagm.net,1
http://account-check-hhizhjtv.net/login,1
http://account-check-wdvhohvqb.net/login,1
http://account-check-tayirrjpb.org,1
http://wallet-auth-blvfxwz.net/login,1
http://login-verify-ycnzjvpga.org/login,1
http://secure-update-qeqkfxgyo.info/update,1
http://verify-pay-hnfewv.com,1
http://wallet-auth-xyeqt.org,1
http://wallet-auth-nlesvued.site/verify,1
http://secure-update-zagba.com,1
http://login-verify-lhytmv.com/update,1
http://verify-pay-gogsyotsges.net/update,1
http://account-check-acpxfgkp.org/verify,1
http://wallet-auth-ayzoabpgkwl.org/update,1
http://verify-pay-yjtflvcrq.site/verify,1
http://account-check-kxiqryzd.com/update,1
http://wallet-auth-bgeswxlbq.site/login,1
http://wallet-auth-zyngwkqhwula.net/secure,1
http://wallet-auth-hdvpukggt.org/login,1
http://login-verify-kzykgqfehioe.net/verify,1
http://account-check-osqzaomzdls.site/secure,1
http://login-verify-loxjj.org,1
http://login-verify-mitjhe.info/secure,1
http://verify-pay-ngrhzftudzsb.com/secure,1
http://account-check-adnfedp.site/verify,1
http://secure-update-kxqwivainl.site/secure,1
http://verify-pay-jvgbbdwk.site,1
http://secure-update-wehrojfo.com,1
http://login-verify-vuxzoaul.site/update,1
http://verify-pay-jmtjboqlvdz.org/login,1
http://account-check-tdkzfongbw.site/verify,1
http://login-verify-kudkcpmyd.net/update,1
http://account-check-jntqdjdwpxod.site,1
http://secure-update-satdxtu.com/login,1
http://login-verify-lruyy.site/secure,1
http://account-check-qoxthvuqc.info/secure,1
http://login-verify-videtyb.com/update,1
http://account-check-ndhobanmu.net/secure,1
http://account-check-wgvgfcjkpld.com/verify,1
http://wallet-auth-eutzeysnu.site/secure,1
http://account-check-vrplntdy.info/secure,1
http://wallet-auth-ghfoixs.net/verify,1
http://secure-update-lahkw.net/login,1
http://secure-update-ootwm.info/verify,1
http://wallet-auth-gdxfpwbvo.site/login,1
http://wallet-auth-oongmzbzsymc.info/update,1
http://wallet-auth-onnjg.info/verify,1
http://secure-update-hlflgg.site/login,1
http://secure-update-ymqeor.org/login,1
http://secure-update-kfvkpwqpb.site/update,1
http://secure-update-dipkibdaw.site/verify,1
http://secure-update-srhhcaaifzll.com/login,1
http://verify-pay-vcgzuemaydf.org/update,1
http://secure-update-rvoqmks.com/login,1
http://wallet-auth-eadhmihgpbzv.info,1
http://verify-pay-uhavfau.org,1
http://account-check-xetgbsbe.net/login,1
http://account-check-txmbkuzbq.com/login,1
http://secure-update-ctzzm.net/secure,1
http://verify-pay-koyjcfasfza.org/update,1
http://verify-pay-dwqbco.net/update,1
http://wallet-auth-mmsxbvyyaua.net/update,1
http://secure-update-tythehw.com/verify,1
http://wallet-auth-kpaaweoi.info/login,1
http://account-check-vmeqrqnjdnr.net/login,1
http://wallet-auth-vfubhqvpznel.info/update,1
http://account-check-bboralthspo.com,1
http://wallet-auth-vrbecyjhu.org/login,1
http://secure-update-jsadvhdhmbd.org/verify,1
http://secure-update-qdqgsigyjhx.org,1
http://login-verify-coblqakt.info,1
http://wallet-auth-gjabab.com/verify,1
http://account-check-yeomis.org,1
http://verify-pay-nhrwdvv.org,1
http://login-verify-ilcievxk.com/login,1
http://secure-update-mqdtmd.info,1
http://secure-update-yoxepjin.net/verify,1
http://verify-pay-asnba.site/secure,1
http://secure-update-lbeyqi.com/verify,1
http://verify-pay-mehrndaoxkn.com/secure,1
http://verify-pay-ltghqg.net/verify,1
http://secure-update-dsoetcvvr.org/update,1
http://login-verify-wozgizmhthdq.org/update,1
http://login-verify-rffenzzt.org/update,1
http://verify-pay-yoftlpkaka.net/login,1
http://verify-pay-cpslxjbwlubr.net,1
http://account-check-fajkhnqm.org/login,1
http://verify-pay-lbzjhyx.com/update,1
http://verify-pay-bzmwidntj.org/update,1
http://secure-update-moarko.info/update,1
http://secure-update-hlqhcmqvl.org,1
http://verify-pay-zmaojbfovej.info,1
http://secure-update-mgyox.site,1
http://secure-update-iriadkmbob.info,1
http://wallet-auth-ihmbpiyqsmv.net/login,1
http://account-check-ksgoaazlao.site/login,1
http://secure-update-igohyrfewp.com/secure,1
http://wallet-auth-osxxtfshtvwe.net/secure,1
http://login-verify-yftenbyq.net,1
http://account-check-tscgidgarpo.info/login,1
http://verify-pay-ymksjmj.org/verify,1
http://wallet-auth-mxkdwxmrotot.com/login,1
http://verify-pay-mwwcmiixzn.org/update,1
http://verify-pay-egrmhrrzzlxy.net,1
http://secure-update-cadvdrt.site/verify,1
http://secure-update-volvub.info/secure,1
http://wallet-auth-trespnxjwlm.com/update,1
http://account-check-ziiphqym.com/secure,1
http://verify-pay-knanjoj.com/login,1
http://login-verify-mrjhaeobr.site/verify,1
http://wallet-auth-nbrqmjtz.net/login,1
http://wallet-auth-axcbzjzanjl.com/login,1
http://account-check-vbjflterf.site/update,1
http://login-verify-duxomkokj.org,1
http://verify-pay-bngrtbxzfeeh.net,1
http://login-verify-gakneoavhgb.site/secure,1
http://wallet-auth-jkdkck.site/verify,1
http://verify-pay-miwtjocdncrt.info/secure,1
http://wallet-auth-xhqtdfqqyvy.net/secure,1
http://verify-pay-ptvaslswffl.com/login,1
http://login-verify-tzurjj.org/verify,1
http://verify-pay-bqaetn.net/secure,1
http://login-verify-wsjpcbs.com/verify,1
http://account-check-dqivkdzlqs.site/verify,1
http://wallet-auth-mvdmpgwksr.net,1
http://verify-pay-pogptllmci.net/login,1
http://verify-pay-vbxvsmjzwrr.info/verify,1
http://login-verify-bacrk.site/update,1
http://verify-pay-jkhqf.com,1
http://wallet-auth-naadlzg.net/secure,1
http://wallet-auth-addat.site/login,1
http://login-verify-khyeycnfopew.info/verify,1
http://verify-pay-ojmqzqzsotuc.com/login,1
http://account-check-lxspzt.site/secure,1
http://secure-update-haaxlepwzeq.net/login,1
http://verify-pay-lkfybepndpi.org,1
http://wallet-auth-zwpfqa.info/secure,1
http://secure-update-psegxpcjj.site/verify,1
http://login-verify-jiksqbnvnddr.site,1
http://secure-update-ovflxlzl.com/update,1
http://account-check-rprdphqwqwlt.org/login,1
http://account-check-hccip.site/login,1
http://secure-update-pkjtlbb.site/secure,1
http://login-verify-yihjxi.info/verify,1
http://login-verify-amzblivm.net/update,1
http://login-verify-vghhpoaanlf.org/update,1
http://wallet-auth-uvugvjd.com,1
http://secure-update-xwuoydt.info,1
http://account-check-fexys.com/update,1
http://account-check-eyulbwye.org/update,1
http://secure-update-zrlwfgkxwf.net,1
http://account-check-rbauboojdh.site,1
http://secure-update-hjezl.com/secure,1
http://wallet-auth-nawrnv.site/verify,1
http://account-check-jtbzrlytuw.net/secure,1
http://secure-update-coiubv.site/login,1
http://login-verify-qhvjnxvxqmel.net,1
http://login-verify-jemyv.info/verify,1
http://wallet-auth-eccackaxcowo.site/update,1
http://wallet-auth-cdwxra.info,1
http://login-verify-qjnbsrgmwxn.site/secure,1
http://wallet-auth-pxgmy.site/login,1
http://login-verify-cspfbcequacx.com/update,1
http://login-verify-ffvvasrytv.info/verify,1
http://verify-pay-ccfwjkgx.org/verify,1
http://login-verify-sqvlwuw.com/update,1
http://verify-pay-yeyvme.com/secure,1
http://account-check-aquoyu.site/secure,1
http://account-check-ufzwhjs.info/update,1
http://login-verify-wvhjknlwfakv.info,1
http://login-verify-sphihlpylqk.info/verify,1
http://secure-update-zaxvmg.org/login,1
http://wallet-auth-nmavwcopgf.org/verify,1
http://verify-pay-zowfpds.org,1
http://wallet-auth-migiemetry.org/verify,1
http://secure-update-dwmlilmz.info/verify,1
http://wallet-auth-gzilvxnay.site/update,1
http://login-verify-mbqckao.site,1
